competition,match_id,kickoff,home,away,reason,league_history,home_history,away_history,home_venue,away_venue
BSA,554740,2026-01-28T22:00:00+00:00,CA Mineiro,SE Palmeiras,LIGA_INSUFICIENTE,0,0,0,0,0
BSA,554744,2026-01-28T22:00:00+00:00,Coritiba FBC,RB Bragantino,LIGA_INSUFICIENTE,0,0,0,0,0
BSA,554746,2026-01-28T22:00:00+00:00,SC Internacional,CA Paranaense,LIGA_INSUFICIENTE,0,0,0,0,0
BSA,554749,2026-01-28T22:00:00+00:00,EC Vitória,Clube do Remo,LIGA_INSUFICIENTE,0,0,0,0,0
BSA,554745,2026-01-28T22:30:00+00:00,Fluminense FC,Grêmio FBPA,LIGA_INSUFICIENTE,4,0,0,0,0
BSA,554742,2026-01-28T23:00:00+00:00,Chapecoense AF,Santos FC,LIGA_INSUFICIENTE,5,0,0,0,0
BSA,554743,2026-01-28T23:00:00+00:00,SC Corinthians Paulista,EC Bahia,LIGA_INSUFICIENTE,5,0,0,0,0
BSA,554748,2026-01-29T00:30:00+00:00,São Paulo FC,CR Flamengo,LIGA_INSUFICIENTE,7,0,0,0,0
BSA,554747,2026-01-29T23:00:00+00:00,Mirassol FC,CR Vasco da Gama,LIGA_INSUFICIENTE,8,0,0,0,0
BSA,554741,2026-01-30T00:30:00+00:00,Botafogo FR,Cruzeiro EC,LIGA_INSUFICIENTE,9,0,0,0,0
BSA,554752,2026-02-04T22:00:00+00:00,RB Bragantino,CA Mineiro,LIGA_INSUFICIENTE,10,0,0,0,0
BSA,554754,2026-02-04T22:00:00+00:00,CR Flamengo,SC Internacional,LIGA_INSUFICIENTE,10,0,0,0,0
BSA,554757,2026-02-04T23:00:00+00:00,Clube do Remo,Mirassol FC,LIGA_INSUFICIENTE,12,0,0,0,0
BSA,554758,2026-02-04T23:00:00+00:00,Santos FC,São Paulo FC,LIGA_INSUFICIENTE,12,0,0,0,0
BSA,554755,2026-02-05T00:30:00+00:00,Grêmio FBPA,Botafogo FR,LIGA_INSUFICIENTE,14,0,0,0,0
BSA,554756,2026-02-05T00:30:00+00:00,SE Palmeiras,EC Vitória,LIGA_INSUFICIENTE,14,0,0,0,0
BSA,554751,2026-02-05T22:00:00+00:00,EC Bahia,Fluminense FC,LIGA_INSUFICIENTE,16,0,0,0,0
BSA,554759,2026-02-05T23:00:00+00:00,CR Vasco da Gama,Chapecoense AF,LIGA_INSUFICIENTE,17,0,0,0,0
BSA,554753,2026-02-06T00:30:00+00:00,Cruzeiro EC,Coritiba FBC,LIGA_INSUFICIENTE,18,0,0,0,0
BSA,554769,2026-02-11T00:30:00+00:00,EC Vitória,CR Flamengo,LIGA_INSUFICIENTE,19,0,0,0,0
BSA,554762,2026-02-11T22:00:00+00:00,Chapecoense AF,Coritiba FBC,LIGA_INSUFICIENTE,20,0,0,0,0
BSA,554766,2026-02-11T22:00:00+00:00,Mirassol FC,Cruzeiro EC,LIGA_INSUFICIENTE,20,0,0,0,0
BSA,554761,2026-02-11T23:00:00+00:00,CA Mineiro,Clube do Remo,LIGA_INSUFICIENTE,22,0,0,0,0
BSA,554767,2026-02-12T00:30:00+00:00,São Paulo FC,Grêmio FBPA,LIGA_INSUFICIENTE,23,0,0,0,0
BSA,554768,2026-02-12T00:30:00+00:00,CR Vasco da Gama,EC Bahia,LIGA_INSUFICIENTE,23,0,0,0,0
BSA,554760,2026-02-12T22:00:00+00:00,CA Paranaense,Santos FC,LIGA_INSUFICIENTE,25,0,0,0,0
BSA,554764,2026-02-12T22:30:00+00:00,Fluminense FC,Botafogo FR,LIGA_INSUFICIENTE,26,0,0,0,0
BSA,554763,2026-02-12T23:00:00+00:00,SC Corinthians Paulista,RB Bragantino,LIGA_INSUFICIENTE,27,0,0,0,0
BSA,554765,2026-02-13T00:30:00+00:00,SC Internacional,SE Palmeiras,LIGA_INSUFICIENTE,28,0,0,0,0
BSA,554750,2026-02-19T22:30:00+00:00,CA Paranaense,SC Corinthians Paulista,LIGA_INSUFICIENTE,29,0,0,0,0
BSA,554772,2026-02-25T22:00:00+00:00,RB Bragantino,CA Paranaense,LIGA_INSUFICIENTE,30,0,0,0,0
BSA,554778,2026-02-25T22:00:00+00:00,Clube do Remo,SC Internacional,LIGA_INSUFICIENTE,30,0,0,0,0
BSA,554773,2026-02-25T22:30:00+00:00,Coritiba FBC,São Paulo FC,LIGA_INSUFICIENTE,32,0,0,0,0
BSA,554774,2026-02-25T23:00:00+00:00,Cruzeiro EC,SC Corinthians Paulista,LIGA_INSUFICIENTE,33,0,0,0,0
BSA,554776,2026-02-26T00:30:00+00:00,Grêmio FBPA,CA Mineiro,LIGA_INSUFICIENTE,34,0,0,0,0
BSA,554777,2026-02-26T00:30:00+00:00,SE Palmeiras,Fluminense FC,LIGA_INSUFICIENTE,34,0,0,0,0
BSA,554779,2026-02-26T22:00:00+00:00,Santos FC,CR Vasco da Gama,LIGA_INSUFICIENTE,36,0,0,0,0
BSA,554786,2026-03-11T00:30:00+00:00,Mirassol FC,Santos FC,LIGA_INSUFICIENTE,37,0,0,0,0
BSA,554781,2026-03-11T22:00:00+00:00,CA Mineiro,SC Internacional,LIGA_INSUFICIENTE,38,0,0,0,0
BSA,554782,2026-03-11T23:00:00+00:00,EC Bahia,EC Vitória,LIGA_INSUFICIENTE,39,0,0,0,0
BSA,554783,2026-03-12T00:30:00+00:00,SC Corinthians Paulista,Coritiba FBC,LOCAL_HISTORICO_INSUFICIENTE,40,4,4,2,2
BSA,554784,2026-03-12T00:30:00+00:00,CR Flamengo,Cruzeiro EC,LOCAL_HISTORICO_INSUFICIENTE,40,3,4,1,2
BSA,554787,2026-03-12T22:00:00+00:00,Clube do Remo,Fluminense FC,LOCAL_HISTORICO_INSUFICIENTE,42,4,4,2,2
BSA,554789,2026-03-12T22:30:00+00:00,CR Vasco da Gama,SE Palmeiras,LOCAL_HISTORICO_INSUFICIENTE,43,4,4,2,2
BSA,554788,2026-03-12T23:00:00+00:00,São Paulo FC,Chapecoense AF,LOCAL_HISTORICO_INSUFICIENTE,44,4,3,2,1
BSA,554785,2026-03-13T00:30:00+00:00,Grêmio FBPA,RB Bragantino,LOCAL_HISTORICO_INSUFICIENTE,45,4,4,2,2
BSA,554799,2026-03-14T21:30:00+00:00,EC Vitória,CA Mineiro,LOCAL_HISTORICO_INSUFICIENTE,46,4,5,2,2
BSA,554790,2026-03-14T23:30:00+00:00,Botafogo FR,CR Flamengo,LOCAL_HISTORICO_INSUFICIENTE,47,3,4,1,2
BSA,554795,2026-03-15T19:00:00+00:00,Fluminense FC,CA Paranaense,VISITANTE_HISTORICO_INSUFICIENTE,48,5,4,2,2
BSA,554796,2026-03-15T19:00:00+00:00,SC Internacional,EC Bahia,VISITANTE_HISTORICO_INSUFICIENTE,48,5,4,2,2
BSA,554798,2026-03-15T19:00:00+00:00,Santos FC,SC Corinthians Paulista,LOCAL_VENUE_INSUFICIENTE,48,5,5,2,2
BSA,554793,2026-03-15T21:30:00+00:00,Coritiba FBC,Clube do Remo,LOCAL_VENUE_INSUFICIENTE,51,5,5,2,2
BSA,554797,2026-03-15T21:30:00+00:00,SE Palmeiras,Mirassol FC,VISITANTE_HISTORICO_INSUFICIENTE,51,5,4,2,1
BSA,554791,2026-03-15T23:30:00+00:00,RB Bragantino,São Paulo FC,LOCAL_VENUE_INSUFICIENTE,53,5,5,2,2
BSA,554794,2026-03-15T23:30:00+00:00,Cruzeiro EC,CR Vasco da Gama,LOCAL_VENUE_INSUFICIENTE,53,5,5,2,2
BSA,554792,2026-03-16T23:00:00+00:00,Chapecoense AF,Grêmio FBPA,LOCAL_HISTORICO_INSUFICIENTE,55,4,5,2,2
BSA,554802,2026-03-18T22:00:00+00:00,EC Bahia,RB Bragantino,LOCAL_VENUE_INSUFICIENTE,56,5,6,2,3
BSA,554807,2026-03-18T22:00:00+00:00,SE Palmeiras,Botafogo FR,VISITANTE_HISTORICO_INSUFICIENTE,56,6,4,3,2
BSA,554800,2026-03-18T22:30:00+00:00,CA Paranaense,Cruzeiro EC,LOCAL_VENUE_INSUFICIENTE,58,5,6,2,3
BSA,554805,2026-03-19T22:00:00+00:00,Grêmio FBPA,EC Vitória,VISITANTE_VENUE_INSUFICIENTE,63,6,5,3,2
BSA,554804,2026-03-19T23:00:00+00:00,CR Flamengo,Clube do Remo,LOCAL_VENUE_INSUFICIENTE,64,5,6,2,3
BSA,554815,2026-03-22T21:30:00+00:00,SC Internacional,Chapecoense AF,VISITANTE_VENUE_INSUFICIENTE,73,7,6,3,2
BSA,554819,2026-03-22T21:30:00+00:00,EC Vitória,Mirassol FC,VISITANTE_VENUE_INSUFICIENTE,73,6,6,3,2
BSA,554821,2026-04-01T22:30:00+00:00,Botafogo FR,Mirassol FC,LOCAL_VENUE_INSUFICIENTE,77,7,7,2,3
PPL,545700,2025-08-08T19:15:00+00:00,Casa Pia AC,Sporting Clube de Portugal,LIGA_INSUFICIENTE,0,0,0,0,0
PPL,545706,2025-08-09T14:30:00+00:00,CD Nacional,Gil Vicente FC,LIGA_INSUFICIENTE,1,0,0,0,0
PPL,545703,2025-08-09T19:30:00+00:00,FC Arouca,AVS,LIGA_INSUFICIENTE,2,0,0,0,0
PPL,545707,2025-08-10T16:00:00+00:00,FC Famalicão,CD Santa Clara,LIGA_INSUFICIENTE,3,0,0,0,0
PPL,545701,2025-08-10T19:30:00+00:00,Sporting Clube de Braga,CD Tondela,LIGA_INSUFICIENTE,4,0,0,0,0
PPL,545705,2025-08-10T19:30:00+00:00,Moreirense FC,FC Alverca,LIGA_INSUFICIENTE,4,0,0,0,0
PPL,545704,2025-08-11T17:45:00+00:00,GD Estoril Praia,CF Estrela da Amadora,LIGA_INSUFICIENTE,6,0,0,0,0
PPL,545708,2025-08-11T19:45:00+00:00,FC Porto,Vitória SC,LIGA_INSUFICIENTE,7,0,0,0,0
PPL,545709,2025-08-15T14:45:00+00:00,AVS,Casa Pia AC,LIGA_INSUFICIENTE,8,0,0,0,0
PPL,545716,2025-08-16T14:30:00+00:00,CD Tondela,FC Famalicão,LIGA_INSUFICIENTE,9,0,0,0,0
PPL,545714,2025-08-16T17:00:00+00:00,Vitória SC,GD Estoril Praia,LIGA_INSUFICIENTE,10,0,0,0,0
PPL,545717,2025-08-16T19:30:00+00:00,CF Estrela da Amadora,Sport Lisboa e Benfica,LIGA_INSUFICIENTE,11,0,0,0,0
PPL,545713,2025-08-17T14:30:00+00:00,Rio Ave FC,CD Nacional,LIGA_INSUFICIENTE,12,0,0,0,0
PPL,545710,2025-08-17T17:00:00+00:00,FC Alverca,Sporting Clube de Braga,LIGA_INSUFICIENTE,13,0,0,0,0
PPL,545712,2025-08-17T17:00:00+00:00,CD Santa Clara,Moreirense FC,LIGA_INSUFICIENTE,13,0,0,0,0
PPL,545715,2025-08-17T19:30:00+00:00,Sporting Clube de Portugal,FC Arouca,LIGA_INSUFICIENTE,15,0,0,0,0
PPL,545711,2025-08-18T19:15:00+00:00,Gil Vicente FC,FC Porto,LIGA_INSUFICIENTE,16,0,0,0,0
PPL,545726,2025-08-23T15:00:00+00:00,Moreirense FC,Vitória SC,LIGA_INSUFICIENTE,17,0,0,0,0
PPL,545718,2025-08-23T17:00:00+00:00,CD Nacional,Sporting Clube de Portugal,LIGA_INSUFICIENTE,18,0,0,0,0
PPL,545719,2025-08-23T19:30:00+00:00,FC Arouca,Rio Ave FC,LIGA_INSUFICIENTE,19,0,0,0,0
PPL,545721,2025-08-23T19:30:00+00:00,Sport Lisboa e Benfica,CD Tondela,LIGA_INSUFICIENTE,19,0,0,0,0
PPL,545720,2025-08-24T14:30:00+00:00,FC Famalicão,Gil Vicente FC,LIGA_INSUFICIENTE,21,0,0,0,0
PPL,545723,2025-08-24T17:00:00+00:00,FC Porto,Casa Pia AC,LIGA_INSUFICIENTE,22,0,0,0,0
PPL,545722,2025-08-24T19:30:00+00:00,Sporting Clube de Braga,AVS,LIGA_INSUFICIENTE,23,0,0,0,0
PPL,545724,2025-08-25T19:15:00+00:00,CF Estrela da Amadora,FC Alverca,LIGA_INSUFICIENTE,24,0,0,0,0
PPL,545730,2025-08-29T19:15:00+00:00,Gil Vicente FC,Moreirense FC,LIGA_INSUFICIENTE,25,0,0,0,0
PPL,545728,2025-08-30T14:30:00+00:00,Casa Pia AC,CD Nacional,LIGA_INSUFICIENTE,26,0,0,0,0
PPL,545727,2025-08-30T17:00:00+00:00,AVS,FC Famalicão,LIGA_INSUFICIENTE,27,0,0,0,0
PPL,545733,2025-08-30T17:00:00+00:00,Vitória SC,FC Arouca,LIGA_INSUFICIENTE,27,0,0,0,0
PPL,545734,2025-08-30T19:30:00+00:00,Sporting Clube de Portugal,FC Porto,LIGA_INSUFICIENTE,29,0,0,0,0
PPL,545732,2025-08-31T14:30:00+00:00,CD Tondela,GD Estoril Praia,LIGA_INSUFICIENTE,30,0,0,0,0
PPL,545729,2025-08-31T17:00:00+00:00,FC Alverca,Sport Lisboa e Benfica,LIGA_INSUFICIENTE,31,0,0,0,0
PPL,545731,2025-08-31T19:30:00+00:00,CD Santa Clara,CF Estrela da Amadora,LIGA_INSUFICIENTE,32,0,0,0,0
PPL,545735,2025-08-31T19:30:00+00:00,Rio Ave FC,Sporting Clube de Braga,LIGA_INSUFICIENTE,32,0,0,0,0
PPL,545725,2025-09-06T19:30:00+00:00,GD Estoril Praia,CD Santa Clara,LIGA_INSUFICIENTE,34,0,0,0,0
PPL,545737,2025-09-12T19:15:00+00:00,FC Alverca,CD Tondela,LIGA_INSUFICIENTE,35,0,0,0,0
PPL,545742,2025-09-12T19:15:00+00:00,Sport Lisboa e Benfica,CD Santa Clara,LIGA_INSUFICIENTE,35,0,0,0,0
PPL,545740,2025-09-13T14:30:00+00:00,Moreirense FC,Rio Ave FC,LIGA_INSUFICIENTE,37,0,0,0,0
PPL,545743,2025-09-13T14:30:00+00:00,GD Estoril Praia,AVS,LIGA_INSUFICIENTE,37,0,0,0,0
PPL,545744,2025-09-13T17:00:00+00:00,FC Porto,CD Nacional,LIGA_INSUFICIENTE,39,0,0,0,0
PPL,545739,2025-09-13T19:30:00+00:00,FC Famalicão,Sporting Clube de Portugal,LOCAL_HISTORICO_INSUFICIENTE,40,4,4,2,2
PPL,545736,2025-09-14T14:30:00+00:00,CF Estrela da Amadora,Vitória SC,LOCAL_HISTORICO_INSUFICIENTE,41,4,4,2,2
PPL,545738,2025-09-14T17:00:00+00:00,FC Arouca,Casa Pia AC,LOCAL_HISTORICO_INSUFICIENTE,42,4,4,2,2
PPL,545741,2025-09-14T19:30:00+00:00,Sporting Clube de Braga,Gil Vicente FC,LOCAL_HISTORICO_INSUFICIENTE,43,4,4,2,2
PPL,545751,2025-09-19T19:15:00+00:00,Rio Ave FC,FC Porto,LOCAL_HISTORICO_INSUFICIENTE,44,4,5,2,2
PPL,545749,2025-09-20T14:30:00+00:00,CD Santa Clara,FC Alverca,LOCAL_VENUE_INSUFICIENTE,45,5,5,2,2
PPL,545750,2025-09-20T14:30:00+00:00,CD Nacional,FC Arouca,LOCAL_VENUE_INSUFICIENTE,45,5,5,2,2
PPL,545745,2025-09-20T17:00:00+00:00,AVS,Sport Lisboa e Benfica,VISITANTE_HISTORICO_INSUFICIENTE,47,5,4,2,2
PPL,545753,2025-09-20T19:30:00+00:00,Vitória SC,Sporting Clube de Braga,LOCAL_VENUE_INSUFICIENTE,48,5,5,2,2
PPL,545748,2025-09-21T14:30:00+00:00,CD Tondela,CF Estrela da Amadora,LOCAL_VENUE_INSUFICIENTE,49,5,5,2,2
PPL,545747,2025-09-21T17:00:00+00:00,Gil Vicente FC,GD Estoril Praia,LOCAL_VENUE_INSUFICIENTE,50,5,5,2,2
PPL,545746,2025-09-21T19:30:00+00:00,Casa Pia AC,FC Famalicão,LOCAL_VENUE_INSUFICIENTE,51,5,5,2,2
PPL,545752,2025-09-22T19:15:00+00:00,Sporting Clube de Portugal,Moreirense FC,LOCAL_VENUE_INSUFICIENTE,52,5,5,2,2
PPL,545702,2025-09-23T19:15:00+00:00,Sport Lisboa e Benfica,Rio Ave FC,LOCAL_VENUE_INSUFICIENTE,53,5,5,2,2
PPL,567263,2026-08-08T14:30:00+00:00,CS Marítimo,Casa Pia AC,LOCAL_HISTORICO_INSUFICIENTE,307,0,34,0,17
