fixture_id,competition,home,away,market,model_probability_pct,market_brier_skill_pct,market_ece_pct,bin_n,bin_prediction_pct,bin_actual_pct,bin_gap_pct,reliable,low_volatility,grade,block_reasons
1492320,BSA,EC Bahia,CR Vasco da Gama,HOME_WIN,56.86,12.79,5.78,62,54.73000896762979,61.29032258064516,6.560313613015367,False,False,BLOQUEADO,BIN_MAL_CALIBRADO
1492320,BSA,EC Bahia,CR Vasco da Gama,DRAW,22.91,0.5,1.47,272,24.95044789479565,25.735294117647054,0.7848462228514014,False,False,BLOQUEADO,BRIER_SKILL_BAJO
1492320,BSA,EC Bahia,CR Vasco da Gama,AWAY_WIN,20.23,12.13,4.8,89,25.024129826015027,24.719101123595504,0.3050287024195242,True,False,C,
1492320,BSA,EC Bahia,CR Vasco da Gama,1X,79.77,12.13,4.8,89,74.97587017398497,75.28089887640449,0.3050287024195186,True,True,A,
1492320,BSA,EC Bahia,CR Vasco da Gama,X2,43.14,12.79,5.78,62,45.2699910323702,38.70967741935484,6.560313613015362,False,False,BLOQUEADO,BIN_MAL_CALIBRADO
1492320,BSA,EC Bahia,CR Vasco da Gama,OVER_1_5,76.83,-3.49,5.61,148,74.88676365045852,75.0,0.1132363495414789,False,False,BLOQUEADO,BRIER_SKILL_BAJO
1492320,BSA,EC Bahia,CR Vasco da Gama,OVER_2_5,52.96,-3.87,8.43,95,54.18705053151559,55.78947368421052,1.6024231526949315,False,False,BLOQUEADO,BRIER_SKILL_BAJO | ECE_ALTO
1492320,BSA,EC Bahia,CR Vasco da Gama,UNDER_3_5,69.28,-3.4,5.97,85,65.73393298849132,65.88235294117646,0.1484199526851526,False,False,BLOQUEADO,BRIER_SKILL_BAJO
1492320,BSA,EC Bahia,CR Vasco da Gama,BTTS,52.37,-3.55,9.29,123,53.904687383889424,50.40650406504065,3.49818331884878,False,False,BLOQUEADO,BRIER_SKILL_BAJO | ECE_ALTO
1492320,BSA,EC Bahia,CR Vasco da Gama,HOME_SCORES,83.68,1.63,5.49,103,84.42839462417201,80.58252427184466,3.845870352327363,False,False,BLOQUEADO,BRIER_SKILL_BAJO
1492320,BSA,EC Bahia,CR Vasco da Gama,AWAY_SCORES,62.58,5.3,1.19,110,65.20653820674953,63.63636363636363,1.570174570385896,True,False,C,
1492327,BSA,SE Palmeiras,SC Internacional,HOME_WIN,58.58,12.79,5.78,62,54.73000896762979,61.29032258064516,6.560313613015367,False,False,BLOQUEADO,BIN_MAL_CALIBRADO
1492327,BSA,SE Palmeiras,SC Internacional,DRAW,23.6,0.5,1.47,272,24.95044789479565,25.735294117647054,0.7848462228514014,False,False,BLOQUEADO,BRIER_SKILL_BAJO
1492327,BSA,SE Palmeiras,SC Internacional,AWAY_WIN,17.82,12.13,4.8,60,15.739914509321856,13.333333333333334,2.406581175988523,True,False,C,
1492327,BSA,SE Palmeiras,SC Internacional,1X,82.18,12.13,4.8,60,84.26008549067814,86.66666666666667,2.4065811759885314,True,True,A,
1492327,BSA,SE Palmeiras,SC Internacional,X2,41.42,12.79,5.78,62,45.2699910323702,38.70967741935484,6.560313613015362,False,False,BLOQUEADO,BIN_MAL_CALIBRADO
1492327,BSA,SE Palmeiras,SC Internacional,OVER_1_5,72.31,-3.49,5.61,148,74.88676365045852,75.0,0.1132363495414789,False,False,BLOQUEADO,BRIER_SKILL_BAJO
1492327,BSA,SE Palmeiras,SC Internacional,OVER_2_5,46.93,-3.87,8.43,122,44.88597461856113,53.278688524590166,8.392713906029037,False,False,BLOQUEADO,BRIER_SKILL_BAJO | ECE_ALTO | BIN_MAL_CALIBRADO
1492327,BSA,SE Palmeiras,SC Internacional,UNDER_3_5,74.65,-3.4,5.97,145,75.23052726219382,71.03448275862068,4.196044503573127,False,False,BLOQUEADO,BRIER_SKILL_BAJO
1492327,BSA,SE Palmeiras,SC Internacional,BTTS,46.29,-3.55,9.29,132,45.48797536776174,56.060606060606055,10.572630692844315,False,False,BLOQUEADO,BRIER_SKILL_BAJO | ECE_ALTO | BIN_MAL_CALIBRADO
1492327,BSA,SE Palmeiras,SC Internacional,HOME_SCORES,82.13,1.63,5.49,103,84.42839462417201,80.58252427184466,3.845870352327363,False,False,BLOQUEADO,BRIER_SKILL_BAJO
1492327,BSA,SE Palmeiras,SC Internacional,AWAY_SCORES,56.36,5.3,1.19,63,55.93474711143354,55.55555555555556,0.3791915558779779,True,False,C,
1575450,PPL,Gil Vicente FC,Rio Ave FC,HOME_WIN,59.57,12.79,5.78,62,54.73000896762979,61.29032258064516,6.560313613015367,False,False,BLOQUEADO,BIN_MAL_CALIBRADO
1575450,PPL,Gil Vicente FC,Rio Ave FC,DRAW,21.94,0.5,1.47,272,24.95044789479565,25.735294117647054,0.7848462228514014,False,False,BLOQUEADO,BRIER_SKILL_BAJO
1575450,PPL,Gil Vicente FC,Rio Ave FC,AWAY_WIN,18.49,12.13,4.8,60,15.739914509321856,13.333333333333334,2.406581175988523,True,False,C,
1575450,PPL,Gil Vicente FC,Rio Ave FC,1X,81.51,12.13,4.8,60,84.26008549067814,86.66666666666667,2.4065811759885314,True,True,A,
1575450,PPL,Gil Vicente FC,Rio Ave FC,X2,40.43,12.79,5.78,62,45.2699910323702,38.70967741935484,6.560313613015362,False,False,BLOQUEADO,BIN_MAL_CALIBRADO
1575450,PPL,Gil Vicente FC,Rio Ave FC,OVER_1_5,78.02,-3.49,5.61,148,74.88676365045852,75.0,0.1132363495414789,False,False,BLOQUEADO,BRIER_SKILL_BAJO
1575450,PPL,Gil Vicente FC,Rio Ave FC,OVER_2_5,54.65,-3.87,8.43,95,54.18705053151559,55.78947368421052,1.6024231526949315,False,False,BLOQUEADO,BRIER_SKILL_BAJO | ECE_ALTO
1575450,PPL,Gil Vicente FC,Rio Ave FC,UNDER_3_5,67.69,-3.4,5.97,85,65.73393298849132,65.88235294117646,0.1484199526851526,False,False,BLOQUEADO,BRIER_SKILL_BAJO
1575450,PPL,Gil Vicente FC,Rio Ave FC,BTTS,52.53,-3.55,9.29,123,53.904687383889424,50.40650406504065,3.49818331884878,False,False,BLOQUEADO,BRIER_SKILL_BAJO | ECE_ALTO
1575450,PPL,Gil Vicente FC,Rio Ave FC,HOME_SCORES,85.16,1.63,5.49,103,84.42839462417201,80.58252427184466,3.845870352327363,False,False,BLOQUEADO,BRIER_SKILL_BAJO
1575450,PPL,Gil Vicente FC,Rio Ave FC,AWAY_SCORES,61.68,5.3,1.19,110,65.20653820674953,63.63636363636363,1.570174570385896,True,False,C,
1575452,PPL,Moreirense FC,Sporting Clube de Braga,HOME_WIN,26.26,12.79,5.78,39,25.857780615237484,25.64102564102564,0.2167549742118468,True,False,C,
1575452,PPL,Moreirense FC,Sporting Clube de Braga,DRAW,28.15,0.5,1.47,272,24.95044789479565,25.735294117647054,0.7848462228514014,False,False,BLOQUEADO,BRIER_SKILL_BAJO
1575452,PPL,Moreirense FC,Sporting Clube de Braga,AWAY_WIN,45.59,12.13,4.8,37,44.4845856233277,37.83783783783784,6.646747785489865,False,False,BLOQUEADO,BIN_MAL_CALIBRADO
1575452,PPL,Moreirense FC,Sporting Clube de Braga,1X,54.41,12.13,4.8,37,55.515414376672304,62.16216216216216,6.646747785489859,False,False,BLOQUEADO,BIN_MAL_CALIBRADO
1575452,PPL,Moreirense FC,Sporting Clube de Braga,X2,73.74,12.79,5.78,39,74.14221938476253,74.35897435897436,0.2167549742118413,True,True,B,
1575452,PPL,Moreirense FC,Sporting Clube de Braga,OVER_1_5,65.38,-3.49,5.61,91,66.31038376626354,73.62637362637363,7.315989860110084,False,False,BLOQUEADO,BRIER_SKILL_BAJO | BIN_MAL_CALIBRADO
1575452,PPL,Moreirense FC,Sporting Clube de Braga,OVER_2_5,38.66,-3.87,8.43,42,35.75115438460837,54.761904761904766,19.0107503772964,False,False,BLOQUEADO,BRIER_SKILL_BAJO | ECE_ALTO | BIN_MAL_CALIBRADO
1575452,PPL,Moreirense FC,Sporting Clube de Braga,UNDER_3_5,81.25,-3.4,5.97,52,83.62765394739486,71.15384615384616,12.473807793548708,False,False,BLOQUEADO,BRIER_SKILL_BAJO | BIN_MAL_CALIBRADO
1575452,PPL,Moreirense FC,Sporting Clube de Braga,BTTS,44.03,-3.55,9.29,132,45.48797536776174,56.060606060606055,10.572630692844315,False,False,BLOQUEADO,BRIER_SKILL_BAJO | ECE_ALTO | BIN_MAL_CALIBRADO
1575452,PPL,Moreirense FC,Sporting Clube de Braga,HOME_SCORES,60.26,1.63,5.49,70,65.9842477880554,74.28571428571429,8.301466497658883,False,False,BLOQUEADO,BRIER_SKILL_BAJO | BIN_MAL_CALIBRADO
1575452,PPL,Moreirense FC,Sporting Clube de Braga,AWAY_SCORES,73.07,5.3,1.19,93,74.78025915229479,75.26881720430107,0.4885580520062826,True,True,A,
1492322,BSA,RB Bragantino,SC Corinthians Paulista,HOME_WIN,47.0,12.79,5.78,79,44.13181787767503,43.03797468354431,1.093843194130717,True,False,C,
1492322,BSA,RB Bragantino,SC Corinthians Paulista,DRAW,27.76,0.5,1.47,272,24.95044789479565,25.735294117647054,0.7848462228514014,False,False,BLOQUEADO,BRIER_SKILL_BAJO
1492322,BSA,RB Bragantino,SC Corinthians Paulista,AWAY_WIN,25.24,12.13,4.8,89,25.024129826015027,24.719101123595504,0.3050287024195242,True,False,C,
1492322,BSA,RB Bragantino,SC Corinthians Paulista,1X,74.76,12.13,4.8,89,74.97587017398497,75.28089887640449,0.3050287024195186,True,True,A,
1492322,BSA,RB Bragantino,SC Corinthians Paulista,X2,53.0,12.79,5.78,79,55.86818212232498,56.9620253164557,1.093843194130717,True,False,C,
1492322,BSA,RB Bragantino,SC Corinthians Paulista,OVER_1_5,66.01,-3.49,5.61,91,66.31038376626354,73.62637362637363,7.315989860110084,False,False,BLOQUEADO,BRIER_SKILL_BAJO | BIN_MAL_CALIBRADO
1492322,BSA,RB Bragantino,SC Corinthians Paulista,OVER_2_5,39.36,-3.87,8.43,42,35.75115438460837,54.761904761904766,19.0107503772964,False,False,BLOQUEADO,BRIER_SKILL_BAJO | ECE_ALTO | BIN_MAL_CALIBRADO
1492322,BSA,RB Bragantino,SC Corinthians Paulista,UNDER_3_5,80.72,-3.4,5.97,52,83.62765394739486,71.15384615384616,12.473807793548708,False,False,BLOQUEADO,BRIER_SKILL_BAJO | BIN_MAL_CALIBRADO
1492322,BSA,RB Bragantino,SC Corinthians Paulista,BTTS,44.28,-3.55,9.29,132,45.48797536776174,56.060606060606055,10.572630692844315,False,False,BLOQUEADO,BRIER_SKILL_BAJO | ECE_ALTO | BIN_MAL_CALIBRADO
1492322,BSA,RB Bragantino,SC Corinthians Paulista,HOME_SCORES,74.11,1.63,5.49,107,74.95913459841844,81.30841121495327,6.349276616534826,False,False,BLOQUEADO,BRIER_SKILL_BAJO | BIN_MAL_CALIBRADO
1492322,BSA,RB Bragantino,SC Corinthians Paulista,AWAY_SCORES,59.75,5.3,1.19,63,55.93474711143354,55.55555555555556,0.3791915558779779,True,False,C,
1492329,BSA,Santos FC,CA Paranaense,HOME_WIN,43.24,12.79,5.78,79,44.13181787767503,43.03797468354431,1.093843194130717,True,False,C,
1492329,BSA,Santos FC,CA Paranaense,DRAW,26.53,0.5,1.47,272,24.95044789479565,25.735294117647054,0.7848462228514014,False,False,BLOQUEADO,BRIER_SKILL_BAJO
1492329,BSA,Santos FC,CA Paranaense,AWAY_WIN,30.24,12.13,4.8,86,34.65358529164496,26.744186046511626,7.909399245133331,False,False,BLOQUEADO,BIN_MAL_CALIBRADO
1492329,BSA,Santos FC,CA Paranaense,1X,69.76,12.13,4.8,86,65.34641470835506,73.25581395348837,7.909399245133319,False,False,BLOQUEADO,BIN_MAL_CALIBRADO
1492329,BSA,Santos FC,CA Paranaense,X2,56.76,12.79,5.78,79,55.86818212232498,56.9620253164557,1.093843194130717,True,False,C,
1492329,BSA,Santos FC,CA Paranaense,OVER_1_5,71.82,-3.49,5.61,148,74.88676365045852,75.0,0.1132363495414789,False,False,BLOQUEADO,BRIER_SKILL_BAJO
1492329,BSA,Santos FC,CA Paranaense,OVER_2_5,46.31,-3.87,8.43,122,44.88597461856113,53.278688524590166,8.392713906029037,False,False,BLOQUEADO,BRIER_SKILL_BAJO | ECE_ALTO | BIN_MAL_CALIBRADO
1492329,BSA,Santos FC,CA Paranaense,UNDER_3_5,75.18,-3.4,5.97,145,75.23052726219382,71.03448275862068,4.196044503573127,False,False,BLOQUEADO,BRIER_SKILL_BAJO
1492329,BSA,Santos FC,CA Paranaense,BTTS,50.92,-3.55,9.29,123,53.904687383889424,50.40650406504065,3.49818331884878,False,False,BLOQUEADO,BRIER_SKILL_BAJO | ECE_ALTO
1492329,BSA,Santos FC,CA Paranaense,HOME_SCORES,75.36,1.63,5.49,107,74.95913459841844,81.30841121495327,6.349276616534826,False,False,BLOQUEADO,BRIER_SKILL_BAJO | BIN_MAL_CALIBRADO
1492329,BSA,Santos FC,CA Paranaense,AWAY_SCORES,67.57,5.3,1.19,110,65.20653820674953,63.63636363636363,1.570174570385896,True,False,C,
